,From,To
0,1,8762940
1,1,8762941
2,1,688136
3,1,8762942
4,3,718952
5,3,3109655
6,3,562897
7,3,6
8,3,7
9,3,12852
10,3,90259
11,3,8762941
12,3,645510
13,3,427258
14,3,45567
15,3,1374301
16,3,38253
17,3,79994
18,3,16
19,3,9
20,3,8762943
21,3,385294
22,3,1610056
23,3,10
24,3,12
25,3,11
26,3,3748
27,3,13
28,3,37986
29,3,8762944
30,3,17
31,3,8
32,3,18
33,3,9024
34,3,8762945
35,3,54566
36,3,8762946
37,3,18020
38,3,8657299
39,3,39365
40,3,176509
41,3,8762947
42,3,2283
43,3,1462053
44,3,8762948
45,3,14
46,3,16482
47,3,124907
48,3,610145
49,3,3486871
50,3,8762949
51,3,8762950
52,3,33425
53,3,1024583
54,3,8762951
55,20,31
56,20,35
57,20,36
58,20,28
59,20,26
60,20,23
61,20,27
62,20,25
63,20,30
64,20,29
65,20,24
66,20,32
67,20,34
68,20,33
69,20,602588
70,20,4786851
71,20,100109
72,20,37
73,20,8762946
74,20,8762941
75,20,706345
76,20,38253
77,20,8762952
78,20,8762953
79,20,1875611
80,20,414291
81,20,107139
82,20,194869
83,20,5667264
84,20,8762949
85,20,8762954
86,20,52828
87,20,4424962
88,20,553213
89,20,1031801
90,20,8762955
91,20,986730
92,20,30122
93,20,8762956
94,20,8762957
95,20,38
96,20,594574
97,20,5523423
98,20,1753562
99,20,1107159
100,20,4166455
101,20,8762958
102,20,17892
103,20,1783305
104,20,5355757
105,20,17689
106,20,7140510
107,20,8654297
108,20,8762959
109,20,8762960
110,20,1623900
111,20,262491
112,20,8762961
113,20,3684826
114,20,61851
115,20,2283433
116,20,8657299
117,20,1753610
118,20,8762962
119,41,8762963
120,41,8762964
121,41,2452869
122,41,9798
123,41,8762965
124,41,90
125,41,1075476
126,41,451517
127,41,8762966
128,41,8762967
129,41,121974
130,41,443031
131,41,66136
132,41,140
133,41,8762968
134,41,175
135,41,385175
136,41,672673
137,41,4457487
138,41,3142288
139,41,4689051
140,41,7371582
141,41,674744
142,41,1375554
143,41,7085955
144,41,121960
145,41,237
146,41,234
147,41,2102482
148,41,1040534
149,41,243
150,41,245
151,41,669669
152,41,255
153,41,256
154,41,34610
155,41,187
156,41,275
157,41,260
158,41,561149
159,41,8762941
160,41,547
161,41,981526
162,41,54594
163,41,272
164,41,675271
165,41,7496
166,41,5063595
167,41,1192294
168,41,669495
169,41,1190956
170,41,1192552
171,41,8762969
172,41,2531961
173,41,895793
174,41,6857230
175,41,407880
176,41,1593181
177,41,3725538
178,41,8762970
179,41,500
180,41,299
181,41,294
182,41,293
183,41,290
184,41,284
185,41,298
186,41,187567
187,41,386462
188,41,159
189,41,8762971
190,41,4848187
191,41,1620322
192,41,286
193,41,2398471
194,41,366
195,41,361
196,41,359
197,41,358
198,41,342
199,41,333
200,41,331
201,41,317
202,41,307
203,41,306
204,41,303
205,41,302
206,41,21362
207,41,16650
208,41,4105731
209,41,1880607
210,41,673246
211,41,8762972
212,41,8762973
213,41,454087
214,41,284041
215,41,681868
216,41,670507
217,41,295
218,41,3511460
219,41,8762974
220,41,670374
221,41,2621379
222,41,7529634
223,41,7425
224,41,2153565
225,41,8762975
226,41,8762976
227,41,103
228,41,8762977
229,41,8762978
230,41,8762979
231,41,2137934
232,41,1392321
233,41,1043698
234,41,8762980
235,41,8762981
236,41,5387868
237,41,195
238,41,978424
239,41,8762982
240,41,128991
241,41,5963690
242,41,8762983
243,41,2948955
244,41,6187872
245,41,978091
246,41,292
247,41,139
248,41,1100033
249,41,1883695
250,41,1942289
251,41,2901305
252,41,2341846
253,41,291
254,41,8762984
255,41,8762985
256,41,8762986
257,41,202637
258,41,2332292
259,41,2068512
260,41,8762987
261,41,1067925
262,41,1898071
263,41,294192
264,41,205
265,41,8762988
266,41,2854103
267,41,386603
268,41,8762989
269,41,3572483
270,41,380569
271,41,7359715
272,41,247
273,41,8762990
274,41,8762991
275,41,5377
276,41,8762992
277,41,1090382
278,41,282
279,41,579624
280,41,8762993
281,41,1938281
282,41,8762994
283,41,8762995
284,41,8762996
285,41,975104
286,41,8762997
287,41,955083
288,41,280
289,41,240582
290,41,8762998
291,41,202713
292,41,8762999
293,41,8763000
294,41,4154112
295,41,376384
296,41,8763001
297,41,678750
298,41,179
299,41,8536867
